"id","full_name","first_name","last_name","email","gender","age"
"1","Clair Skillern","Clair","Skillern","cskillerng@nih.gov","Male","78"
"2","Eden Wace","Eden","Wace","ewacee@marriott.com","Female","16"
"3","Eunice Blakebrough","Eunice","Blakebrough","eblakebrough8@sohu.com","Female","45"
"4","Franz Castello","Franz","Castello","fcastello6@1688.com","Male","25"
"5","Hasty Perdue","Hasty","Perdue","hperdue5@qq.com","missing","77"
"6","Jorge Tarney","Jorge","Tarney","jtarney7@ft.com","Male","77"
"7","Kenyon Possek","Kenyon","Possek","kpossek1@ucoz.com","Male","12"
"8","Kerianne Goacher","Kerianne","Goacher","missing","Female","45"
"9","Kristopher Frankcombe","Kristopher","Frankcombe","kfrankcombe9@slate.com","Male","0"
"10","Lalo Manifould","Lalo","Manifould","lmanifould2@pbs.org","Male","26"
"11","Luz Lansdowne","Luz","Lansdowne","llansdowneb@theguardian.com","Female","16"
"12","Mariel Finnigan","Mariel","Finnigan","mfinnigan0@usda.gov","Female","60"
"13","Mathew Addicott","Mathew","Addicott","maddicotth@acquirethisname.com","Male","65"
"14","Maurits Shawl","Maurits","Shawl","mshawlj@dmoz.org","Male","72"
"15","Modestia Keble","Modestia","Keble","mkeblec@cmu.edu","Female","91"
"16","Nickola Carous","Nickola","Carous","ncarous3@phoca.cz","Male","4"
"17","Norman Dubbin","Norman","Dubbin","ndubbin4@wikipedia.org","Male","17"
"18","Palm Domotor","Palm","Domotor","pdomotora@github.io","Male","6"
"19","Stacee Bovis","Stacee","Bovis","sbovisd@webeden.co.uk","Female","22"
"20","Tobias Sherburn","Tobias","Sherburn","tsherburnf@facebook.com","Male","2"
